USERS
INSERT INTO Users (UserID, Username, FirstName, LastName, DateOfBirth, Password, DateAdded) VALUES
(1,  'fspiby0',      'Felicle',  'Spiby',     '2000-11-13', 'jH7%Kqm8Z?t(#D', '2023-12-09T15:59:13Z'),
(2,  'lcastard1',    'Leon',     'Castard',   '2008-10-28', 'sD7=#k.Y1$', '2024-02-10T09:16:41Z'),
(3,  'jkiljan2',     'Juline',   'Kiljan',    '2003-2-6',   'zG2$Mk,ixi4>', '2024-03-09T04:45:44Z'),
(4,  'mhurll3',      'Magdalena', 'Hurll',    '2014-2-14',  'vF9%I=l%/4', '2024-05-02T07:28:23Z'),
(5,  'pchipman4',    'Piotr',    'Chipman',   '1997-7-2',   'iP0}|5Yq', '2024-05-21T23:28:39Z'),
(6,  'jbuick5',      'Julianne',  'Buick',    '2002-8-10',  'eD1,5}.0gKLFY7|@', '2023-12-31T13:58:53Z'),
(7,  'rsoigne6',     'Reidar',    'Soigne',    '1982-8-1',  'eA6|7.{D', '2024-07-08T17:24:38Z'),
(8,  'rlunn7',       'Rena',      'Lunn',      '2002-6-27',  'xF1_pNh4yZ>w@EXe', '2024-02-05T08:51:30Z'),
(9,  'gstannis8',    'Giacobo',   'Stannis',   '1999-7-4',   'zB3,L+_/''}.', '2023-10-23T05:13:22Z'),
(10, 'dbambra9',     'Donovan',   'Bambra',    '2011-5-6',   'bR4''H{PJ_!=E~+', '2024-04-05T22:41:48Z'),
(11, 'rbeckhousea',  'Rona',      'Beckhouse', '1987-7-7',   'fD8_t''L1.>T/', '2024-07-21T20:32:22Z'),
(12, 'mpawlynb',     'Melvyn',    'Pawlyn',    '1981-1-18',  'mE9`s7,p/N2IY', '2024-08-13T06:53:41Z'),
(13, 'blosemannc',   'Britte',    'Losemann',  '2003-11-1', 'jJ0?IZIU', '2024-04-15T20:21:47Z'),
(14, 'cqueripeld',    'Crista',   'Queripel',  '1981-12-8',  'uX6''du2U', '2024-06-13T15:32:40Z'),
(15, 'ehutchinse',    'Eirena',   'Hutchins',  '1993-1-14',  'wO9,{?2''q,}pjakd', '2023-11-02T18:01:52Z'),
(16, 'eparrattf',     'Eduardo',  'Parratt',   '2001-1-19',  'sH4{H*?om(4.f', '2023-12-09T12:37:17Z'),
(17, 'ltesterg',      'Leeland',  'Tester',    '1994-10-29', 'vB7/XN5##ygEV#h,', '2024-02-29T00:36:08Z'),
(18, 'edigregorioh',  'Erny',     'Di Gregorio', '2009-4-22', 'tM0_sE\%sD', '2024-08-02T00:08:37Z'),
(19, 'zantonikovi',   'Zita',     'Antonikov', '1987-7-26',  'aY2+=A*l*', '2023-10-07T02:00:56Z'),
(20, 'cleffekj',      'Carree',   'Leffek',    '1986-3-22',  'vW2{XkS@h$yk0', '2023-10-09T17:00:00Z'),
(21, 'gstamperk',     'Gerrie',   'Stamper',   '2002-8-17', 'cX3#8rC(#4FVo', '2023-12-04T08:33:40Z'),
(22, 'efudgerl',      'Emmanuel', 'Fudger',    '2012-1-9',   'lJ1/bFE4MXM<3', '2023-11-23T23:41:08Z'),
(23, 'jgeverm',       'Janelle',  'Gever',     '2012-4-29',  'iG9,I''KQcbBCK0', '2024-08-23T10:43:05Z'),
(24, 'codonoghuen',   'Celeste',  'O''Donoghue', '2000-8-19', 'mQ2${Ay6>LF', '2024-07-02T15:54:52Z'),
(25, 'dstreetleyo',   'Donna',    'Streetley', '2007-8-5',   'rD7&wvPu!.FDA@S.', '2023-12-30T13:52:53Z'),
(26, 'mtapnerp',      'Maude',    'Tapner',    '2019-10-9',  'fQ4\BHH13sRO', '2024-03-02T05:03:28Z'),
(27, 'mgogertyq',     'Minetta',  'Gogerty',   '2004-7-6',   'eQ4@25,|MY5F=6', '2024-02-03T01:34:26Z'),
(28, 'esmeethr',      'Eada',     'Smeeth',    '2004-6-12',   'hP7<uuIui=65a0K', '2023-09-19T22:04:30Z'),
(29, 'bdumingos',     'Basia',    'Dumingo',   '1996-11-22', 'zA7#)\rCMUY`sT', '2024-02-01T23:02:32Z'),
(30, 'jsauntont',     'Jillie',   'Saunton',   '1999-9-23',  'eQ7`#}0/', '2024-07-11T08:48:54Z'),
(31, 'rhinschu',      'Robin',    'Hinsch',    '2000-9-4',  'hJ4.O*g(WVMS', '2024-06-21T20:46:35Z'),
(32, 'scartnerv',     'Salim',    'Cartner',   '2016-4-25',  'jJ7`<D9Mi26A''g', '2024-01-15T05:57:27Z'),
(33, 'lblankauw',     'Law',      'Blankau',   '1982-12-19', 'uB3+alNHMO', '2023-12-08T14:42:02Z'),
(34, 'chayseldenx',   'Cybill',   'Hayselden', '1980-9-5',   'oU0>GaS`sz''', '2024-05-19T12:38:44Z'),
(35, 'agoldsmithy',   'Aurora',   'Goldsmith', '2004-1-19',  'xQ7|"uc__x?d~>A', '2023-09-24T22:34:09Z'),
(36, 'fgannz',        'Freddy',   'Gann',      '2018-1-22',  'jH7"SC)b3NGOE', '2024-03-30T05:53:41Z'),
(37, 'rzupone10',      'Roshelle', 'Zupone',    '1991-7-30',  'kR1/%#N%t)VOe~fP', '2023-09-21T14:16:52Z'),
(38, 'ncapron11',     'Nowell',   'Capron',    '1988-5-25',   'lQ9}b|@J''!>', '2024-03-14T23:49:53Z'),
(39, 'nbowser12',     'Nil',      'Bowser',    '2003-11-42', 'xH6&q)qfEX(|%', '2023-10-25T22:24:25Z'),
(40, 'tpedlar13',     'Timmi',    'Pedlar',    '1999-4-20',  'jT5$YXN0', '2023-09-24T20:48:52Z');


INSERT INTO Friends (FriendID, FriendWhoAdded, FriendBeingAdded, IsAccepted, DateAdded) VALUES
(1,  0,  3, false, '2017-08-06T13:27:10Z'),
(2,  9,  3, false, '2001-07-11T03:00:57Z'),
(3,  4,  2, true,  '2014-12-05T00:13:47Z'),
(4,  1,  10, true, '2007-12-10T11:15:52Z'),
(5,  3,  1, true,  '2021-11-03T10:35:45Z'),
(6,  6,  0, true,  '2013-08-11T23:08:48Z'),
(7,  10, 4, false, '2002-04-25T16:45:46Z'),
(8,  3,  1, true,  '2003-10-12T03:19:37Z'),
(9,  10, 8, true,  '2017-06-06T16:47:26Z'),
(10, 0,  7, false, '2007-03-06T05:40:17Z'),
(11, 6,  8, true,  '2020-04-10T13:41:23Z'),
(12, 10, 5, true,  '2000-01-23T10:59:01Z'),
(13, 10, 2, true,  '2017-03-10T10:42:39Z'),
(14, 6,  7, false, '2006-07-18T12:30:36Z'),
(15, 10, 4, false, '2020-05-17T15:38:07Z'),
(16, 2,  9, false, '2007-05-21T21:38:32Z'),
(17, 10, 4, true,  '2012-12-17T02:01:26Z'),
(18, 7,  2, false, '2014-06-28T23:18:03Z'),
(19, 6,  10, true,  '2004-07-15T06:38:56Z'),
(20, 5,  2, false, '2000-07-15T15:38:26Z'),
(21, 2,  10, false, '2021-07-01T14:00:11Z'),
(22, 7,  7, true,  '2017-10-16T11:58:03Z'),
(23, 0,  9, true,  '2017-06-07T05:15:39Z'),
(24, 5,  9, true,  '2004-08-20T12:58:11Z'),
(25, 10, 10, false, '2011-05-09T19:48:02Z'),
(26, 3,  4, true,  '2006-10-31T21:19:14Z'),
(27, 7,  10, false, '2014-06-13T16:30:15Z'),
(28, 6,  5, false, '2004-03-09T19:28:26Z'),
(29, 3,  7, true,  '2002-02-18T04:06:38Z'),
(30, 4,  0, false, '2021-07-30T01:15:22Z'),
(31, 6,  10, true,  '2003-08-11T20:16:57Z'),
(32, 9,  1, true,  '2009-01-08T10:22:54Z'),
(33, 2,  9, false, '2021-02-05T07:57:10Z'),
(34, 6,  2, false, '2004-02-09T06:28:34Z'),
(35, 2,  5, true,  '2018-07-07T22:50:34Z'),
(36, 7,  4, false, '2019-02-03T18:54:52Z'),
(37, 10, 7, true,  '2004-05-12T11:23:40Z'),
(38, 0,  0, true,  '2007-09-26T05:14:57Z'),
(39, 4,  3, true,  '2015-07-23T03:10:25Z'),
(40, 6,  10, false, '2011-08-07T03:26:04Z');


INSERT INTO Groups (GroupID, GroupName, CreatedBy, DateAdded)
VALUES 
    (1, 'Dr', 1265283303, '3726-11-21 07:43:35'),
    (2, 'Rev', 215484015, '8882-02-27 17:50:14'),
    (3, 'Dr', 1959903866, '4538-06-01 23:56:27'),
    (4, 'Mrs', 1391673118, '6495-08-11 23:41:52'),
    (5, 'Rev', 760583955, '8526-11-29 20:37:25'),
    (6, 'Ms', 111452106, '5128-08-10 19:57:45'),
    (7, 'Dr', 1421254161, '2838-01-12 23:48:30'),
    (8, 'Honorable', 692396333, '2016-04-11 06:37:39'),
    (9, 'Rev', 239223658, '6669-12-30 23:41:35'),
    (10, 'Ms', 1029751181, '8435-09-03 08:06:08'),
    (11, 'Mrs', 1975180235, '9167-09-24 20:47:35'),
    (12, 'Honorable', 635633532, '4308-02-05 04:28:10'),
    (13, 'Ms', 476212553, '7391-02-14 18:08:46'),
    (14, 'Dr', 972630101, '7218-02-22 20:46:36'),
    (15, 'Dr', 558109984, '3412-10-18 13:55:20'),
    (16, 'Ms', 1372424806, '4688-02-05 02:56:54'),
    (17, 'Rev', 1307592285, '3129-11-22 18:51:16'),
    (18, 'Mr', 1994837499, '3659-06-10 08:57:05'),
    (19, 'Mrs', 1755523507, '4689-11-26 21:28:56'),
    (20, 'Ms', 1848881588, '9028-10-14 04:39:55'),
    (21, 'Mrs', 200941632, '2994-12-19 00:22:56'),
    (22, 'Ms', 182531081, '8887-09-10 14:38:01'),
    (23, 'Rev', 2144465818, '8025-01-21 00:38:47'),
    (24, 'Mr', 836622189, '6140-09-17 23:37:44'),
    (25, 'Rev', 1155571845, '3128-10-03 10:49:58'),
    (26, 'Ms', 1319274679, '3217-10-04 20:35:16'),
    (27, 'Ms', 822724097, '2956-05-27 11:22:11'),
    (28, 'Mrs', 231642723, '3263-10-04 06:24:46'),
    (29, 'Rev', 531276108, '9985-09-14 13:26:39'),
    (30, 'Mr', 483347521, '2661-03-02 03:22:52'),
    (31, 'Rev', 1171105177, '5324-08-13 02:30:10'),
    (32, 'Ms', 1864824774, '3123-03-11 17:51:18'),
    (33, 'Ms', 672879643, '2796-01-14 15:10:28'),
    (34, 'Mrs', 657107052, '3889-08-07 01:59:44'),
    (35, 'Ms', 1572333451, '6867-01-24 04:09:32'),
    (36, 'Mr', 1341206098, '6465-07-13 11:36:40'),
    (37, 'Ms', 1511424708, '6907-09-01 19:22:49'),
    (38, 'Honorable', 855560243, '2409-12-22 03:15:38'),
    (39, 'Mr', 1268744322, '4815-04-26 08:59:42'),
    (40, 'Honorable', 1898105241, '8091-07-20 08:14:19');

INSERT INTO Posts (PostID, PostDescription, PostedBy, IsPublic, IsOnlyForFriends, GroupID, DatePosted) VALUES
(1210487591, 'amet justo morbi ut odio cras mi pede malesuada in', 1, true, true, 1, '6837-03-22 22:08:04'),
(1625567967, 'orci mauris lacinia sapien quis libero nullam sit amet turpis elementum ligula vehicula consequat morbi a ipsum', 2, true, false, 2, '2098-11-22 04:58:41'),
(302118174, 'pulvinar lobortis est phasellus sit amet erat nulla tempus vivamus in felis eu', 3, false, false, 1, '7816-07-09 16:17:58'),
(1518939246, 'ut massa quis augue luctus tincidunt nulla mollis molestie lorem quisque ut erat curabitur', 4, true, true, 2, '9937-01-14 00:14:21'),
(1346407537, 'nulla eget eros elementum pellentesque quisque porta volutpat erat quisque', 5, true, true, 1, '2205-02-04 16:33:16'),
(1778773475, 'vestibulum quam sapien varius ut blandit non interdum in ante vestibulum ante', 6, false, false, 2, '8920-10-11 05:21:10'),
(1213836132, 'elit proin risus praesent lectus vestibulum quam sapien varius ut blandit non interdum in', 7, true, false, 1, '9259-08-24 22:24:09'),
(1722935642, 'accumsan tellus nisi eu orci mauris lacinia sapien quis libero nullam sit', 8, false, true, 1, '8736-01-22 08:22:28'),
(1635729818, 'donec ut mauris eget massa tempor convallis nulla neque libero convallis eget eleifend', 9, false, true, 27, '3453-12-20 08:53:19'),
(580336694, 'purus phasellus in felis donec semper sapien a libero nam dui proin leo odio porttitor id consequat in consequat ut', 10, false, false, 1648215095, '3735-07-03 17:05:33'),
(1237835486, 'porttitor pede justo eu massa donec dapibus duis at velit eu est congue elementum', 11, false, true, 1, '6342-08-20 02:01:56'),
(1576483141, 'justo sollicitudin ut suscipit a feugiat et eros vestibulum ac', 12, false, true, 1, '9737-02-16 22:48:42'),
(1068062948, 'sodales scelerisque mauris sit amet eros suspendisse accumsan tortor quis', 13, false, true, 2, '2694-03-22 13:20:36'),
(535653041, 'vestibulum sagittis sapien cum sociis natoque penatibus et magnis dis', 14, false, true, 2, '3508-01-05 20:15:01'),
(1364584525, 'lorem ipsum dolor sit amet consectetuer adipiscing elit proin interdum', 15, false, false, 2, '2226-01-10 00:04:22'),
(1880562108, 'ac nulla sed vel enim sit amet nunc viverra dapibus nulla', 16, false, false, 1, '3842-07-18 07:03:51'),
(324304511, 'nunc commodo placerat praesent blandit nam nulla integer pede justo lacinia eget tincidunt eget', 17, true, true, 1, '7493-10-28 08:18:13'),
(1272196684, 'platea dictumst maecenas ut massa quis augue luctus tincidunt nulla mollis molestie', 18, true, false, 2, '2015-06-26 04:11:26'),
(1744800712, 'consequat dui nec nisi volutpat eleifend donec ut dolor morbi vel lectus in quam fringilla rhoncus mauris enim leo rhoncus', 19, false, false, 2, '2066-12-18 13:40:39'),
(1099714369, 'morbi ut odio cras mi pede malesuada in imperdiet et commodo vulputate justo in',20, true, false, 1, '8082-04-17 12:28:53'),
(497105910, 'lacinia nisi venenatis tristique fusce congue diam id ornare imperdiet', 21, false, true, 1, '8909-07-01 10:44:47'),
(1856851695, 'in faucibus orci luctus et ultrices posuere cubilia curae mauris viverra diam vitae quam suspendisse', 22, false, true, 710702676, '2226-10-06 11:22:14'),
(382451659, 'sed interdum venenatis turpis enim blandit mi in porttitor pede justo eu massa donec dapibus duis', 23, true, true, 1, '5164-12-31 19:25:20'),
(975309128, 'primis in faucibus orci luctus et ultrices posuere cubilia curae', 24, true, false, 2, '4737-05-06 21:59:45'),
(608333369, 'sit amet diam in magna bibendum imperdiet nullam orci pede venenatis non sodales sed tincidunt eu felis fusce posuere felis', 25, false, false, 2, '7811-08-19 17:35:43'),
(1285864218, 'morbi vel lectus in quam fringilla rhoncus mauris enim leo rhoncus sed vestibulum sit amet cursus id', 26, false, false, 1, '5047-09-16 21:11:02'),
(1152280389, 'purus eu magna vulputate luctus cum sociis natoque penatibus et magnis dis parturient montes', 27, false, false, 2, '9723-01-14 16:33:45'),
(1669951926, 'primis in faucibus orci luctus et ultrices posuere cubilia curae nulla dapibus', 28, true, false, 1, '8940-11-30 12:04:55'),
(438787566, 'tincidunt eu felis fusce posuere felis sed lacus morbi sem mauris laoreet ut rhoncus aliquet pulvinar sed nisl nunc rhoncus', 29, true, true, 2, '2123-10-21 05:01:49'),
(1936708005, 'iaculis diam erat fermentum justo nec condimentum neque sapien placerat ante', 30, true, false, 2, '5830-09-21 12:44:14'),
(833401912, 'accumsan tellus nisi eu orci mauris lacinia sapien quis libero nullam sit amet turpis elementum ligula vehicula consequat morbi', 31, true, false, 2, '2448-04-08 00:55:35'),
(681548319, 'eleifend donec ut dolor morbi vel lectus in quam fringilla rhoncus', 32, false, false, 2, '6968-10-03 23:50:21'),
(675988731, 'iaculis diam erat fermentum justo nec condimentum neque sapien placerat ante nulla', 33, true, true, 1, '5904-08-11 17:06:54'),
(1359884127, 'elementum ligula vehicula consequat morbi a ipsum integer a nibh in quis justo maecenas rhoncus', 34, true, true, 2, '5433-12-07 06:23:32'),
(1239756524, 'congue etiam justo etiam pretium iaculis justo in hac habitasse platea dictumst etiam faucibus', 35, false, true, 2, '9789-09-06 04:37:56'),
(1540311249, 'sit amet nunc viverra dapibus nulla suscipit ligula in lacus curabitur', 36, true, false, 1, '2572-02-19 04:20:06'),
(294726633, 'accumsan tellus nisi eu orci mauris lacinia sapien quis libero nullam sit amet turpis elementum ligula vehicula consequat morbi a', 37, true, true, 2, '4121-06-28 08:38:28'),
(1048333864, 'nulla facilisi cras non velit nec nisi vulputate nonummy maecenas tincidunt lacus at velit vivamus vel nulla eget eros', 38, false, false, 2, '2370-08-23 02:51:32'),
(967798547, 'odio in hac habitasse platea dictumst maecenas ut massa quis augue luctus tincidunt nulla mollis', 39, false, true, 2, '8618-11-14 13:41:46'),
(1026118882, 'sit amet cursus id turpis integer aliquet massa id lobortis convallis', 40, false, false, 2, '3909-01-02 15:25:09');


INSERT INTO GroupMemberShipRequests (GroupMemberShipRequestsID, GroupID, GroupMemberUserID, IsGroupMemberShipAccepted, DateAccepted) VALUES
(1,  17,  6, false, '2228-06-27 23:39:20'),
(2,  30,  15, false, '4553-05-19 02:59:52'),
(3,  27,  9, true,  '8840-07-07 00:15:03'),
(4,  37,  6, true,  '6411-04-16 05:48:34'),
(5,  18,  26, true,  '6373-05-06 06:08:17'),
(6,  18,  17, true,  '2353-02-03 05:35:28'),
(7,  34,  9, false, '3877-06-13 19:03:55'),
(8,  33,  38, true,  '9291-05-24 10:46:07'),
(9,  0,   7, true,  '2901-08-06 10:58:51'),
(10, 25,  13, true,  '3677-06-06 16:59:10'),
(11, 1,   15, false, '6361-06-28 21:00:23'),
(12, 3,   28, false, '6229-07-21 19:29:30'),
(13, 15,  17, false, '5059-07-14 20:37:03'),
(14, 3,   13, true,  '9525-01-22 11:36:09'),
(15, 19,  18, true,  '3126-01-23 18:04:28'),
(16, 22,  37, true,  '8681-06-07 21:00:56'),
(17, 37,  6, false, '7181-03-18 21:20:08'),
(18, 11,  31, true,  '3752-09-25 11:07:08'),
(19, 11,  40, false, '5256-04-16 06:53:28'),
(20, 32,  29, true,  '7053-11-04 18:43:25'),
(21, 29,  3, false,  '4069-08-18 21:21:06'),
(22, 13,  39, false, '2081-09-06 12:57:09'),
(23, 31,  39, false, '5081-11-09 16:26:00'),
(24, 19,  29, true,  '2668-08-30 01:26:16'),
(25, 18,  8, true,   '9355-04-29 09:44:10'),
(26, 19,  39, false, '4008-09-04 05:13:13'),
(27, 20,  39, false, '2881-11-04 05:56:27'),
(28, 21,  14, true,  '2638-02-09 00:13:40'),
(29, 11,  18, false, '3429-08-08 01:01:28'),
(30, 2,   8, false,  '5478-05-20 06:22:03'),
(31, 39,  6, true,   '9255-02-19 11:40:09'),
(32, 3,   4, true,  '3297-02-13 05:12:40'),
(33, 2,   22, false, '2900-01-08 03:30:28'),
(34, 6,   17, false, '7765-01-09 21:07:25'),
(35, 10,  10, false, '7761-04-10 04:32:25'),
(36, 16,  0, true,   '2395-03-10 11:35:16'),
(37, 1,   1, false,  '5764-04-26 21:10:13'),
(38, 7,   0, true,   '6485-08-25 03:31:59'),
(39, 0,   22, true,  '6894-02-11 05:06:10'),
(40, 23,  6, false,  '5176-07-20 17:25:17');
